City_ID,City,Lat,Lng,Max Temp,Humidity,Cloudiness,Wind Speed,Country,Date
0,taltal,-25.4,-70.4833,74.71,68,0,6.08,CL,1675617154
1,upernavik,72.7868,-56.1549,-14.06,97,99,6.31,GL,1675617154
2,punta arenas,-53.15,-70.9167,51.91,50,0,33.38,CL,1675617000
3,antsohihy,-14.8796,47.9875,75.0,96,100,2.73,MG,1675617155
4,souillac,-20.5167,57.5167,78.96,83,96,11.72,MU,1675617155
5,vaini,-21.2,-175.2,79.47,76,60,7.7,TO,1675617155
6,kropotkin,45.4375,40.5756,37.08,69,100,10.27,RU,1675617156
7,egvekinot,66.3167,-179.1667,-21.35,87,100,11.74,RU,1675617156
8,lebu,-37.6167,-73.65,66.36,75,28,17.49,CL,1675617156
9,lincoln,40.8,-96.667,48.15,55,0,5.75,US,1675616974
10,ponta do sol,32.6667,-17.1,66.0,48,29,3.85,PT,1675617157
11,hithadhoo,-0.6,73.0833,81.23,70,66,11.01,MV,1675617157
12,shingu,33.7333,135.9833,39.09,59,19,5.66,JP,1675617157
13,taian,36.1853,117.12,40.28,55,100,3.33,CN,1675616888
14,mar del plata,-38.0023,-57.5575,86.83,56,10,13.0,AR,1675617158
15,torbay,47.6666,-52.7314,26.38,78,40,11.01,CA,1675617158
16,sinnamary,5.3833,-52.95,77.88,87,99,14.41,GF,1675617158
17,chuy,-33.6971,-53.4616,78.62,49,12,11.1,UY,1675617159
18,hobart,-42.8794,147.3294,58.05,77,95,8.05,AU,1675617159
19,ushuaia,-54.8,-68.3,44.51,82,84,19.89,AR,1675617159
20,new norfolk,-42.7826,147.0587,57.7,62,95,3.0,AU,1675617160
21,port elizabeth,-33.918,25.5701,80.1,95,35,8.99,ZA,1675617160
22,cidreira,-30.1811,-50.2056,82.4,46,14,14.67,BR,1675617080
23,mocuba,-16.8392,36.9856,75.24,92,55,4.54,MZ,1675617160
24,mataura,-46.1927,168.8643,57.47,87,99,10.47,NZ,1675617161
25,bredasdorp,-34.5322,20.0403,72.39,68,85,10.87,ZA,1675617161
26,abu samrah,35.3029,37.1841,42.57,93,100,4.0,SY,1675617162
27,kamaishi,39.2667,141.8833,30.63,77,12,6.06,JP,1675617162
28,albany,42.6001,-73.9662,37.94,53,100,4.0,US,1675617162
29,katsuura,35.1333,140.3,48.11,81,19,5.84,JP,1675617163
30,puerto ayora,-0.7393,-90.3518,85.96,86,44,5.01,EC,1675617163
31,husum,54.4858,9.0524,35.49,94,82,3.29,DE,1675617163
32,chokurdakh,70.6333,147.9167,-38.33,100,98,3.6,RU,1675617164
33,carnarvon,-24.8667,113.6333,77.09,76,2,17.47,AU,1675617093
34,thunder bay,48.4001,-89.3168,11.68,82,90,6.29,CA,1675616994
35,ciro marina,39.3732,17.126,43.95,53,85,34.02,IT,1675617164
36,krasnoselkup,65.7,82.4667,0.63,98,92,5.95,RU,1675617165
37,pangkalanbuun,-2.6833,111.6167,74.39,97,100,2.71,ID,1675617165
38,rikitea,-23.1203,-134.9692,78.58,75,8,16.04,PF,1675617165
39,kapaa,22.0752,-159.319,73.72,92,100,12.66,US,1675617166
40,barrow,71.2906,-156.7887,-20.18,76,100,5.75,US,1675617166
41,butaritari,3.0707,172.7902,80.47,82,84,18.07,KI,1675617166
42,grindavik,63.8424,-22.4338,46.87,100,100,32.21,IS,1675617167
43,leon valley,29.4952,-98.6186,67.48,77,40,7.0,US,1675617167
44,bourail,-21.5667,165.4833,79.56,87,94,5.01,NC,1675617167
45,hermanus,-34.4187,19.2345,69.8,79,97,8.75,ZA,1675617168
46,nikolayevka,53.1257,47.2041,9.01,98,100,2.13,RU,1675617168
47,mahebourg,-20.4081,57.7,80.26,80,81,12.71,MU,1675617168
48,avarua,-21.2078,-159.775,80.65,83,75,13.8,CK,1675617169
49,buala,-8.145,159.5921,77.02,95,100,12.95,SB,1675617169
50,yellowknife,62.456,-114.3525,-11.31,85,100,7.52,CA,1675617169
51,wajid,3.8093,43.2471,83.77,20,20,10.16,SO,1675617170
52,victoria,22.2855,114.1577,66.94,88,85,4.0,HK,1675616940
53,airai,-8.9266,125.4092,60.64,93,100,1.77,TL,1675617170
54,havelock,34.8791,-76.9013,64.38,73,100,4.61,US,1675617170
55,fort-shevchenko,44.5086,50.263,31.82,81,100,14.92,KZ,1675617171
56,hilo,19.7297,-155.09,72.28,94,100,5.75,US,1675617171
57,saskylakh,71.9167,114.0833,-40.02,100,100,3.91,RU,1675617171
58,saint-philippe,-21.3585,55.7679,81.99,86,87,10.02,RE,1675617172
59,hobyo,5.3505,48.5268,76.71,79,90,19.26,SO,1675617172
60,jamestown,42.097,-79.2353,45.99,52,0,25.32,US,1675617172
61,gat,31.61,34.7642,57.88,100,31,9.13,IL,1675617173
62,sarakhs,36.5449,61.1577,45.41,82,56,10.74,IR,1675617173
63,ballina,-28.8667,153.5667,67.01,96,75,2.77,AU,1675617173
64,castro,-24.7911,-50.0119,75.45,62,74,7.11,BR,1675617174
65,invermere,50.5167,-116.0354,29.35,87,100,0.25,CA,1675617174
66,vila franca do campo,37.7167,-25.4333,63.01,72,0,7.14,PT,1675617113
67,bubaque,11.2833,-15.8333,78.19,66,21,11.07,GW,1675617174
68,kharan,28.5833,65.4167,64.78,34,0,12.03,PK,1675617174
69,naze,28.3667,129.4833,62.04,75,100,11.56,JP,1675617175
70,kilmallock,52.4,-8.5772,47.23,84,54,7.0,IE,1675617175
71,arraial do cabo,-22.9661,-42.0278,89.46,58,20,9.22,BR,1675617175
72,bluff,-46.6,168.3333,59.83,82,99,28.72,NZ,1675617176
73,leme,-22.1856,-47.3903,76.96,81,99,7.09,BR,1675617176
74,port blair,11.6667,92.75,79.56,80,29,6.89,IN,1675617176
75,port alfred,-33.5906,26.891,72.18,88,7,7.0,ZA,1675617177
76,norrtalje,59.758,18.705,30.02,91,99,9.51,SE,1675617177
77,sao joao da barra,-21.6403,-41.0511,95.09,73,13,9.37,BR,1675617177
78,busselton,-33.65,115.3333,65.84,85,5,14.92,AU,1675617178
79,east london,-33.0153,27.9116,79.45,76,1,15.86,ZA,1675617178
80,oranjemund,-28.55,16.4333,66.24,84,3,19.08,NA,1675617178
81,saldanha,-33.0117,17.9442,66.47,85,30,21.36,ZA,1675617179
82,nanortalik,60.1432,-45.2371,24.31,57,99,13.53,GL,1675617179
83,tasiilaq,65.6145,-37.6368,28.56,74,100,14.83,GL,1675617179
84,samarai,-10.6167,150.6667,79.52,85,100,15.05,PG,1675617179
85,gushi,34.6425,109.5843,39.97,51,9,3.29,CN,1675617180
86,esperance,-33.8667,121.9,68.74,67,29,21.45,AU,1675617180
87,nsanje,-16.92,35.262,80.31,74,88,3.42,MW,1675617180
88,tuktoyaktuk,69.4541,-133.0374,-39.1,100,46,4.34,CA,1675617181
89,missoula,47.0166,-113.8009,24.85,83,100,1.48,US,1675617033
90,atuona,-9.8,-139.0333,78.31,76,9,17.0,PF,1675617181
91,esso,55.9333,158.7,-3.59,84,86,4.25,RU,1675617182
92,saint-pierre,-21.3393,55.4781,82.08,69,0,2.3,RE,1675617183
93,iwanai,42.9744,140.5089,32.2,85,100,12.44,JP,1675617185
94,ilulissat,69.2167,-51.1,3.22,72,75,10.36,GL,1675617186
95,whitehorse,60.7161,-135.0538,1.81,75,85,3.0,CA,1675617189
96,bambous virieux,-20.3428,57.7575,80.22,80,76,12.46,MU,1675617192
97,sampit,-2.5333,112.95,74.17,97,100,2.62,ID,1675617193
98,kaeo,-35.1,173.7833,66.33,94,100,4.63,NZ,1675617194
99,broome,42.2506,-75.833,39.09,54,0,10.36,US,1675617198
100,saint george,37.1041,-113.5841,48.43,49,0,3.44,US,1675616919
101,los llanos de aridane,28.6585,-17.9182,64.15,66,20,10.36,ES,1675617200
102,waingapu,-9.6567,120.2641,76.73,89,100,7.54,ID,1675617202
103,copiapo,-27.3667,-70.3333,76.69,37,65,11.03,CL,1675616964
104,hami,42.8,93.45,30.02,38,13,1.5,CN,1675617204
105,khatanga,71.9667,102.5,-29.18,95,98,5.3,RU,1675617205
106,slantsy,59.1182,28.0914,23.47,82,100,10.42,RU,1675617206
107,bengkulu,-3.8004,102.2655,74.88,90,99,6.26,ID,1675617209
108,ancud,-41.8697,-73.8203,64.11,80,47,9.31,CL,1675617211
109,luau,-10.7073,22.2247,64.9,89,84,4.92,AO,1675617212
110,clyde river,70.4692,-68.5914,-16.11,87,100,4.0,CA,1675617212
111,dalby,-27.1833,151.2667,65.98,77,67,11.16,AU,1675617212
112,dehloran,32.6941,47.2679,57.18,45,41,7.87,IR,1675617213
113,college,64.8569,-147.8028,-14.91,76,40,0.0,US,1675617213
114,pisco,-13.7,-76.2167,75.25,83,40,10.36,PE,1675617214
115,nhulunbuy,-12.2333,136.7667,75.81,94,98,0.0,AU,1675617214
116,san patricio,28.017,-97.5169,75.07,71,0,3.94,US,1675617215
117,garissa,-0.4536,39.6401,89.04,27,78,6.8,KE,1675617215
118,port lincoln,-34.7333,135.8667,61.27,83,2,11.39,AU,1675617215
119,husavik,66.0449,-17.3389,45.52,79,100,23.85,IS,1675617216
120,ikornnes,62.3873,6.557,42.94,92,99,1.99,NO,1675617216
121,huanren,41.2647,125.3667,21.24,96,100,1.57,CN,1675617217
122,sakaiminato,35.55,133.2333,41.97,68,3,7.63,JP,1675617217
123,dukat,62.55,155.55,-35.55,100,91,4.79,RU,1675617217
124,stromness,58.965,-3.296,42.76,84,100,5.99,GB,1675617218
125,dawei,14.0833,98.2,73.49,92,39,3.22,MM,1675617218
126,vardo,70.3705,31.1107,19.38,93,40,18.41,NO,1675617218
127,leh,34.1667,77.5833,8.85,54,100,0.43,IN,1675617219
128,voh,-20.9667,164.7,80.22,88,90,5.28,NC,1675617219
129,pevek,69.7008,170.3133,-38.29,100,74,2.66,RU,1675617219
130,tiksi,71.6872,128.8694,-29.2,100,100,3.2,RU,1675617220
131,klaksvik,62.2266,-6.589,45.52,92,100,33.51,FO,1675617220
132,thompson,55.7435,-97.8558,-6.47,96,82,3.33,CA,1675617218
133,samana,19.2056,-69.3369,79.02,83,75,11.5,DO,1675617221
134,auki,-8.7676,160.7034,76.66,95,100,14.25,SB,1675617221
135,trofors,65.5333,13.4063,37.27,96,100,5.55,NO,1675617221
136,sobolevo,54.4299,31.8996,23.38,94,100,8.25,RU,1675617222
137,codrington,-38.2667,141.9667,55.71,87,43,5.91,AU,1675617222
138,flinders,-34.5833,150.8552,70.18,79,96,3.0,AU,1675617222
139,majene,-3.5403,118.9707,77.86,83,100,6.6,ID,1675617223
140,tessalit,20.1986,1.0114,81.07,8,65,9.17,ML,1675617223
141,rio gallegos,-51.6226,-69.2181,59.0,28,5,41.54,AR,1675617223
142,moerai,-22.4333,-151.3333,79.7,74,38,14.61,PF,1675617224
143,cape town,-33.9258,18.4232,74.12,77,40,15.99,ZA,1675616991
144,tefe,-3.3542,-64.7114,89.71,62,40,5.75,BR,1675617224
145,georgetown,5.4112,100.3354,76.95,94,20,0.0,MY,1675617166
146,fairbanks,64.8378,-147.7164,-14.91,76,0,0.0,US,1675617025
147,longyearbyen,78.2186,15.6401,22.84,74,40,46.04,SJ,1675617225
148,hambantota,6.1241,81.1185,77.32,84,100,13.22,LK,1675617225
149,muroto,33.2833,134.15,49.33,58,9,3.83,JP,1675617226
150,antalaha,-14.9003,50.2788,76.59,91,100,6.67,MG,1675617226
151,lopsmarka,67.3134,14.4493,39.09,81,75,16.11,NO,1675617226
152,san jose,37.3394,-121.895,53.11,89,40,4.61,US,1675616937
153,narsaq,60.9167,-46.05,19.62,83,100,4.81,GL,1675617227
154,nyurba,63.2842,118.3319,-54.11,100,64,3.4,RU,1675617227
155,moville,42.4889,-96.0725,35.24,91,1,7.25,US,1675617228
156,alugan,12.2188,125.4808,78.48,86,39,13.06,PH,1675617228
157,kavieng,-2.5744,150.7967,81.48,73,100,2.15,PG,1675617228
158,pacific grove,36.6177,-121.9166,53.65,89,100,5.99,US,1675617229
159,kayerkan,69.3497,87.7602,0.52,91,100,3.67,RU,1675617229
160,gizo,-8.103,156.8419,78.75,91,100,17.72,SB,1675617231
161,nurota,40.5614,65.6886,37.54,62,100,7.67,UZ,1675617231
162,kodiak,57.79,-152.4072,35.11,100,100,29.93,US,1675617227
163,annau,37.8876,58.516,49.62,54,51,7.11,TM,1675617232
164,gao,16.6362,1.637,91.65,8,15,8.41,ML,1675617232
165,veraval,20.9,70.3667,71.65,55,3,11.12,IN,1675617232
166,tazovskiy,67.4667,78.7,-9.96,100,53,8.23,RU,1675617233
167,kozlovka,55.8428,48.2492,0.12,100,96,1.97,RU,1675617233
168,matara,5.9485,80.5353,76.57,90,100,1.54,LK,1675617234
169,talnakh,69.4865,88.3972,1.2,96,100,3.53,RU,1675617234
170,dikson,73.5069,80.5464,-3.68,97,100,1.74,RU,1675617234
171,kurayoshi,35.4333,133.8167,36.59,80,1,4.18,JP,1675617235
172,opuwo,-18.0607,13.84,81.68,22,85,12.97,NA,1675617235
173,severo-kurilsk,50.6789,156.125,23.95,79,94,8.03,RU,1675617235
174,qaanaaq,77.484,-69.3632,-2.85,64,0,8.93,GL,1675617236
175,juneau,58.3019,-134.4197,35.22,94,75,6.91,US,1675617236
176,wylie,33.0151,-96.5389,60.93,71,0,6.91,US,1675616970
177,mapiripan,2.8892,-72.1256,91.18,39,59,11.61,CO,1675617237
178,lompoc,34.6391,-120.4579,57.52,89,75,15.99,US,1675617237
179,meulaboh,4.1363,96.1285,74.53,89,97,3.58,ID,1675617238
180,lavrentiya,65.5833,-171.0,-4.41,96,100,8.39,RU,1675617238
181,adrar,20.5022,-10.0711,72.21,17,68,11.01,MR,1675617238
182,kathu,7.9178,98.3332,78.62,76,4,13.53,TH,1675617239
183,guerrero negro,27.9769,-114.0611,61.92,70,0,11.95,MX,1675617061
184,margate,51.3813,1.3862,44.91,79,100,8.01,GB,1675617239
185,constitucion,-35.3333,-72.4167,69.42,70,46,7.92,CL,1675617240
186,nador,35.174,-2.9287,59.25,63,0,9.22,MA,1675617240
187,sao felix do xingu,-6.6447,-51.995,89.04,53,99,2.59,BR,1675617240
188,santa lucia,27.9117,-15.5407,59.76,55,20,6.91,ES,1675617241
189,ikom,5.9667,8.7063,94.19,32,100,3.56,NG,1675617241
190,paracuru,-3.41,-39.0306,83.1,66,93,11.65,BR,1675617242
191,kaitangata,-46.2817,169.8464,54.23,93,96,5.14,NZ,1675617242
192,kutum,14.2,24.6667,73.18,11,55,2.37,SD,1675617245
193,velikiy novgorod,58.5167,31.2833,14.36,97,100,4.72,RU,1675617246
194,erenhot,43.6475,111.9767,15.49,55,31,2.35,CN,1675617249
195,kenai,60.5544,-151.2583,22.08,93,100,24.16,US,1675617250
196,maumere,-8.6199,122.2111,78.93,86,100,10.98,ID,1675617250
197,shimoda,34.6667,138.95,48.33,67,35,8.63,JP,1675617251
198,beringovskiy,63.05,179.3167,-19.61,93,99,11.92,RU,1675617252
199,chekalin,54.0969,36.245,20.5,97,94,4.34,RU,1675617257
200,ribeira grande,38.5167,-28.7,64.8,77,20,15.01,PT,1675617257
201,san quintin,30.4833,-115.95,60.12,68,0,13.18,MX,1675617259
202,del rio,29.3627,-100.8968,64.24,64,0,5.75,US,1675617037
203,hue,16.4667,107.6,73.51,94,40,2.3,VN,1675617260
204,eureka,40.8021,-124.1637,48.81,93,96,1.99,US,1675617225
205,faanui,-16.4833,-151.75,81.73,73,53,15.7,PF,1675617262
206,ankang,32.68,109.0172,47.05,55,29,1.45,CN,1675617263
207,kaabong,3.4836,34.1492,73.87,28,13,9.01,UG,1675617264
208,luderitz,-26.6481,15.1594,70.45,66,15,25.99,NA,1675617267
209,tharad,24.3961,71.6267,68.27,45,0,8.14,IN,1675617268
210,harper,4.375,-7.7169,83.26,74,100,11.34,LR,1675617269
211,guiyang,26.5833,106.7167,45.41,92,100,3.44,CN,1675617270
212,tilichiki,60.4667,166.1,-21.98,94,11,8.43,RU,1675617271
213,grand gaube,-20.0064,57.6608,80.38,77,74,5.01,MU,1675617271
214,kyren,51.6828,102.1408,3.92,92,95,1.16,RU,1675617272
215,laktasi,44.9081,17.3008,31.86,59,75,3.44,BA,1675617272
216,banda aceh,5.5577,95.3222,78.13,80,98,2.95,ID,1675617273
217,cherskiy,68.75,161.3,-41.69,100,100,4.94,RU,1675617273
218,evensk,61.95,159.2333,-16.69,78,28,8.41,RU,1675617273
219,komsomolskiy,40.4272,71.7189,39.92,93,100,2.3,UZ,1675617274
220,bacolod,10.6667,122.95,76.55,83,97,9.19,PH,1675617274
221,avera,33.194,-82.5271,51.31,61,100,1.19,US,1675617274
222,bom jesus,-9.0744,-44.3586,97.2,26,99,6.46,BR,1675617275
223,moose factory,51.2585,-80.6094,-1.35,90,76,3.76,CA,1675617275
224,monrovia,6.3005,-10.7969,82.17,76,85,10.47,LR,1675617275
225,longido,-2.7333,36.6833,76.35,26,76,13.94,TZ,1675617276
226,catuday,16.2923,119.8062,76.6,78,98,9.42,PH,1675617276
227,qandala,11.472,49.8728,74.28,74,59,5.68,SO,1675617276
228,lamar,33.6668,-95.5836,61.36,74,0,5.75,US,1675617278
229,jiwani,25.05,61.7417,71.67,77,1,16.84,PK,1675617278
230,neiafu,-18.65,-173.9833,80.08,75,100,17.13,TO,1675617279
231,vila,42.0304,-8.1588,50.88,44,0,3.85,PT,1675617005
232,high level,58.5169,-117.136,7.97,94,100,3.62,CA,1675617279
233,vanimo,-2.6741,141.3028,78.37,87,100,3.91,PG,1675617280
234,aksarka,66.5606,67.7975,-9.47,100,60,5.66,RU,1675617280
235,milici,44.1711,19.0903,27.77,81,99,6.11,BA,1675617071
236,te anau,-45.4167,167.7167,57.11,91,100,8.61,NZ,1675617067
237,teguldet,57.3064,88.1667,-9.36,100,95,1.39,RU,1675617281
238,spas,48.8899,24.0629,21.38,96,100,8.08,UA,1675617281
239,leningradskiy,69.3833,178.4167,-27.24,99,100,4.54,RU,1675617281
240,itoman,26.1247,127.6694,68.38,88,75,10.36,JP,1675617281
241,pudozh,61.8099,36.5345,8.89,96,74,5.68,RU,1675617282
242,sitka,57.0531,-135.33,35.49,87,100,8.05,US,1675617282
243,santiago del estero,-27.7951,-64.2615,91.72,30,25,8.3,AR,1675617283
244,cuamba,-14.8031,36.5372,71.08,93,85,2.35,MZ,1675617283
245,prince rupert,54.3161,-130.3201,39.33,83,92,6.13,CA,1675617038
246,timizart,36.8,4.2667,50.34,85,90,5.06,DZ,1675617284
247,tornio,65.8481,24.1466,21.22,87,100,4.18,FI,1675617284
248,antofagasta,-23.65,-70.4,78.08,68,1,8.61,CL,1675617284
249,puerto boyaca,5.9758,-74.5885,90.54,49,8,1.74,CO,1675617284
250,hofn,64.2539,-15.2082,45.21,99,100,26.26,IS,1675617285
251,georgiyevka,43.0369,74.7114,33.84,93,73,11.18,KZ,1675617285
252,petropavlovsk-kamchatskiy,53.0452,158.6483,15.78,92,100,5.88,RU,1675617286
253,isangel,-19.55,169.2667,80.24,82,100,6.53,VU,1675617286
254,porto walter,-8.2686,-72.7439,72.55,95,97,3.36,BR,1675617080
255,zhezkazgan,47.8043,67.7144,27.28,98,100,6.35,KZ,1675617287
256,bure,10.7,37.0667,66.33,22,85,5.06,ET,1675617287
257,zuwarah,32.9312,12.082,59.02,69,81,12.66,LY,1675617288
258,xihua,33.7833,114.5167,43.36,66,97,4.12,CN,1675617288
259,sibu,2.3,111.8167,73.69,99,94,1.36,MY,1675617288
260,sao jose da coroa grande,-8.8978,-35.1478,83.86,68,35,9.17,BR,1675617289
261,kovdor,67.5662,30.4758,6.64,97,97,2.62,RU,1675617289
262,cavalcante,-13.7975,-47.4583,83.77,53,7,4.79,BR,1675617289
263,palu,-0.8917,119.8707,75.52,92,97,2.24,ID,1675617290
264,zabaykalsk,49.6333,117.3167,-10.32,100,59,6.26,RU,1675617290
265,portobelo,9.55,-79.65,81.1,78,54,14.65,PA,1675617290
266,balancan,17.8,-91.5333,75.87,79,31,0.38,MX,1675617136
267,kedrovyy,56.1667,91.8167,-8.14,100,100,2.73,RU,1675617291
268,reitz,-27.8014,28.4273,64.63,71,69,9.33,ZA,1675617291
269,daye,30.0833,114.95,50.68,85,99,1.16,CN,1675617292
270,mayskiy,47.6931,40.1025,31.41,90,100,12.06,RU,1675617292
271,mzimba,-11.9,33.6,64.09,97,95,3.98,MW,1675617292
272,tibati,6.4667,12.6333,86.77,12,93,7.85,CM,1675617293
273,sola,-13.8833,167.55,83.32,72,100,22.73,VU,1675617293
274,vila velha,-20.3297,-40.2925,93.15,68,20,13.8,BR,1675617294
275,naryan-mar,67.6713,53.087,-1.07,99,99,6.2,RU,1675617294
276,micheweni,-4.9667,39.8333,80.37,77,11,13.31,TZ,1675617294
277,padang,-0.9492,100.3543,71.65,80,100,3.49,ID,1675617295
278,kavali,14.9167,79.9833,73.42,76,69,8.14,IN,1675617295
279,maiduguri,11.8464,13.1603,84.15,14,100,9.26,NG,1675617295
280,siderno,38.2779,16.302,41.34,44,1,10.65,IT,1675617296
281,khudumelapye,-23.8833,24.75,81.95,42,41,4.47,BW,1675617296
282,geraldton,-28.7667,114.6,73.81,73,100,10.36,AU,1675617297
283,turkmenabat,39.0733,63.5786,43.68,51,100,8.7,TM,1675617297
284,marsabit,2.3284,37.9899,74.75,29,77,9.46,KE,1675617297
285,aykhal,66.0,111.5,-36.8,100,56,2.86,RU,1675617298
286,madera,37.1666,-119.8343,52.2,96,40,2.86,US,1675617298
287,tatawin,32.9297,10.4518,54.73,55,20,8.99,TN,1675617299
288,turki,51.987,43.2731,12.09,98,64,4.85,RU,1675617299
289,north bend,43.4065,-124.2243,46.85,100,100,8.05,US,1675617299
290,xining,36.6167,101.7667,25.29,54,6,2.21,CN,1675617300
291,aitape,-3.1374,142.3475,78.33,88,100,2.71,PG,1675617300
292,canoa,18.355,-71.1585,87.51,62,40,17.27,DO,1675617300
293,srednekolymsk,67.45,153.6833,-34.6,100,100,6.38,RU,1675617301
294,yashkul,46.1711,45.3435,30.4,81,52,9.1,RU,1675617303
295,capelinha,-17.6914,-42.5158,81.3,57,37,4.0,BR,1675617305
296,cao bang,22.6667,106.25,62.08,99,100,2.19,VN,1675617306
297,alofi,-19.0595,-169.9187,80.98,73,100,12.91,NU,1675617310
298,gualaquiza,-3.4,-78.55,75.45,68,72,3.8,EC,1675617312
299,kahului,20.8947,-156.47,73.85,90,20,17.0,US,1675617313
300,riyadh,24.6877,46.7219,66.34,35,6,6.76,SA,1675617215
301,bowen,-20.0167,148.2333,81.45,84,35,11.95,AU,1675617314
302,iralaya,15.0,-83.2333,81.28,63,1,10.36,HN,1675617315
303,olafsvik,64.8945,-23.7142,43.5,91,93,23.55,IS,1675617316
304,ruteng,-8.6136,120.4721,62.87,94,100,2.06,ID,1675617318
305,cap malheureux,-19.9842,57.6142,80.47,77,73,5.01,MU,1675617319
306,cockburn town,21.4612,-71.1419,77.31,77,5,20.65,TC,1675617323
307,lexington,37.9887,-84.4777,52.92,44,0,21.85,US,1675616602
308,hasaki,35.7333,140.8333,36.0,78,88,10.22,JP,1675617325
309,mecca,21.4267,39.8261,74.57,54,52,7.7,SA,1675617045
310,boo,59.3333,18.2833,29.77,94,40,5.75,SE,1675617329
311,muzhi,65.3667,64.6667,-2.72,97,45,4.52,RU,1675617331
312,seoul,37.5683,126.9778,29.64,76,10,2.17,KR,1675617296
313,kiama,-34.6833,150.8667,71.01,80,98,5.99,AU,1675617332
314,iqaluit,63.7506,-68.5145,-20.31,68,100,20.71,CA,1675617333
315,henties bay,-22.116,14.2845,65.73,82,91,7.29,NA,1675617266
316,kiri buru,22.0833,85.35,63.46,22,0,1.05,IN,1675617333
317,muzaffarabad,34.37,73.4711,53.01,62,98,4.14,PK,1675617335
318,haines junction,60.7522,-137.5108,10.35,85,97,1.14,CA,1675617335
319,northam,51.0333,-4.2167,46.26,80,90,6.08,GB,1675617335
320,trabzon,40.9167,39.8333,41.09,71,75,5.75,TR,1675617336
321,eganville,45.5334,-77.0994,32.97,99,100,6.96,CA,1675617336
322,white center,47.5173,-122.3549,45.64,93,100,5.01,US,1675617337
323,cervo,43.6702,-7.4101,53.96,76,56,24.4,ES,1675617337
324,mogwase,-25.185,27.2665,79.9,37,87,3.87,ZA,1675617337
325,namibe,-15.1961,12.1522,73.92,73,59,8.9,AO,1675617338
326,lagoa,39.05,-27.9833,59.52,84,79,20.56,PT,1675617338
327,bhinmal,25.0,72.25,67.96,29,0,9.24,IN,1675617338
328,fare,-16.7,-151.0167,81.05,75,19,14.61,PF,1675617339
329,jiuquan,39.7432,98.5174,26.6,42,4,2.75,CN,1675617339
330,nikolskoye,59.7035,30.7861,20.91,84,100,7.38,RU,1675617339
331,bani walid,31.7566,13.9942,55.65,67,63,16.11,LY,1675617340
332,aktash,50.3,87.7333,-1.79,95,99,3.42,RU,1675617340
333,kirovskiy,45.0917,133.5136,-0.38,100,97,2.26,RU,1675617340
334,ansalta,42.6894,46.1178,25.2,80,49,3.8,RU,1675617341
335,svetlyy,54.675,20.1347,28.45,87,93,1.95,RU,1675617341
336,mehamn,71.0357,27.8492,24.75,80,0,13.8,NO,1675617342
337,devonport,-41.1667,146.35,48.09,80,71,10.36,AU,1675617342
338,freeport,40.6576,-73.5832,44.02,52,0,12.66,US,1675617211
339,chicama,-7.8447,-79.1469,75.74,54,28,10.63,PE,1675617343
340,aswan,24.0934,32.907,65.23,21,37,1.5,EG,1675617183
341,kruisfontein,-34.0033,24.7314,77.88,74,12,15.43,ZA,1675617343
342,capitao poco,-1.7464,-47.0594,83.59,76,100,7.23,BR,1675617344
343,mahanoro,-19.9,48.8,75.15,91,100,5.44,MG,1675617344
344,salinopolis,-0.6136,-47.3561,82.09,79,87,10.8,BR,1675617346
345,colesberg,-30.72,25.0972,81.09,30,73,4.61,ZA,1675617346
346,bastos,-21.9219,-50.7339,80.38,69,98,7.67,BR,1675617181
347,wismar,53.9,11.4667,34.48,82,82,1.01,DE,1675617347
348,casas grandes,30.3667,-107.95,62.33,16,0,2.93,MX,1675617347
349,imbituba,-28.24,-48.6703,81.16,58,26,9.44,BR,1675617347
350,charters towers,-20.1,146.2667,74.77,96,100,7.78,AU,1675617348
351,lasa,46.6166,10.7002,33.69,93,20,6.98,IT,1675617348
352,businga,3.3333,20.8833,86.74,23,38,1.39,CD,1675617349
353,gamba,-2.65,10.0,80.01,79,76,8.86,GA,1675617349
354,pierre,44.3683,-100.351,40.12,60,0,0.0,US,1675617349
355,vallenar,-28.5708,-70.7581,87.12,30,0,9.44,CL,1675617350
356,saint-joseph,-21.3667,55.6167,79.18,85,87,10.74,RE,1675617350
357,santa cruz del sur,20.7147,-77.9956,82.89,54,2,9.6,CU,1675617351
358,biak,-0.9131,122.8766,75.83,83,86,5.73,ID,1675617351
359,half moon bay,37.4636,-122.4286,53.87,88,75,11.5,US,1675617352
360,ugoofaaru,5.6667,73.0,80.98,75,100,4.61,MV,1675617352
361,ransang,8.9603,117.5828,77.36,86,89,3.94,PH,1675617352
362,lachi,33.3833,71.3386,60.48,46,72,3.56,PK,1675617353
363,sumenep,-7.0167,113.8667,78.22,87,100,5.32,ID,1675617353
364,bathsheba,13.2167,-59.5167,84.81,65,40,24.16,BB,1675617354
365,melo,-32.3667,-54.1833,83.75,37,84,6.76,UY,1675617354
366,rio grande,-32.035,-52.0986,73.51,71,66,14.27,BR,1675617354
367,sungaipenuh,-2.0833,101.3833,62.87,90,97,2.04,ID,1675617355
368,ulladulla,-35.35,150.4667,64.06,79,93,4.14,AU,1675617355
369,macas,-2.3167,-78.1167,80.35,61,40,3.44,EC,1675617355
370,atikokan,48.7555,-91.6216,10.27,83,88,5.1,CA,1675617356
371,el alto,-4.2714,-81.2147,89.26,61,31,11.3,PE,1675617356
372,iglesias,39.3114,8.535,54.79,88,48,2.33,IT,1675617356
373,rawson,-43.3002,-65.1023,93.49,17,0,18.41,AR,1675617357
374,roma,43.2128,-75.4557,41.83,50,0,6.91,US,1675617145
375,tak,16.5833,98.8333,67.12,82,41,2.71,TH,1675617357
376,juba,4.8517,31.5825,85.17,22,46,3.09,SS,1675617357
377,offa,8.15,4.7167,95.45,17,100,5.86,NG,1675617358
378,khani,41.9563,42.9566,40.57,64,100,4.9,GE,1675617358
379,porto murtinho,-21.6989,-57.8825,91.22,41,52,4.68,BR,1675617359
380,trincomalee,8.5711,81.2335,78.57,77,100,13.13,LK,1675617359
381,sao filipe,14.8961,-24.4956,72.59,56,19,10.65,CV,1675617338
382,minab,27.1467,57.0801,67.46,73,0,4.25,IR,1675617360
383,vao,-22.6667,167.4833,78.94,87,68,18.28,NC,1675617360
384,laguna,38.421,-121.4238,53.24,84,20,13.8,US,1675617276
385,hojai,26.0,92.8667,62.83,53,2,3.33,IN,1675617360
386,amboasary,-25.0333,46.3833,75.67,79,100,13.06,MG,1675617361
387,bodden town,19.2833,-81.25,82.4,66,75,7.0,KY,1675617361
388,port hedland,-20.3167,118.5667,80.65,89,5,5.75,AU,1675617362
389,ust-maya,60.4167,134.5333,-41.06,100,100,1.88,RU,1675617362
390,bay roberts,47.5999,-53.2648,28.33,74,29,11.01,CA,1675617366
391,burns lake,54.2331,-125.7533,26.02,100,82,4.32,CA,1675617370
392,belaya gora,68.5333,146.4167,-34.28,100,100,0.58,RU,1675617374
393,kalabo,-14.97,22.6814,72.34,80,87,6.06,ZM,1675617376
394,blythe,33.6103,-114.5964,62.04,37,0,0.0,US,1675617377
395,carballo,43.213,-8.691,58.42,67,0,7.78,ES,1675617273
396,baruun-urt,46.6806,113.2792,-4.52,93,38,5.61,MN,1675617379
397,noshiro,40.2039,140.0242,34.97,82,100,6.6,JP,1675617382
398,wawa,9.9022,4.4192,95.13,15,98,5.86,NG,1675617382
399,alamogordo,32.8995,-105.9603,68.4,29,0,6.91,US,1675617384
400,norrkoping,58.5942,16.1826,31.19,88,100,10.36,SE,1675617109
401,parkersburg,39.2667,-81.5615,52.41,42,0,12.66,US,1675617388
402,alekseyevka,50.6309,38.6903,24.85,91,100,8.61,RU,1675617390
403,chiredzi,-21.05,31.6667,79.81,45,29,5.1,ZW,1675617391
404,cabo san lucas,22.8909,-109.9124,78.62,49,0,8.05,MX,1675617392
405,kalianget,-7.05,113.9333,78.84,84,100,4.74,ID,1675617392
406,tongchuan,35.0806,109.0897,39.25,48,20,5.68,CN,1675617393
407,pitanga,-24.7572,-51.7614,78.58,49,50,8.1,BR,1675617393
408,porto santo,33.072,-16.3415,62.98,63,40,11.5,PT,1675617393
409,kasempa,-13.4584,25.8338,66.51,93,100,2.82,ZM,1675617394
410,roanoke rapids,36.4615,-77.6542,55.98,57,100,9.22,US,1675617394
411,xiangxiang,27.7333,112.5333,45.09,94,79,1.14,CN,1675617394
412,alekseyevsk,57.8406,108.3492,9.81,96,100,5.06,RU,1675617395
413,alice springs,-23.7,133.8833,56.75,82,0,1.14,AU,1675617395
414,alta floresta,-9.8756,-56.0861,85.82,70,75,2.3,BR,1675617395
415,morondava,-20.2833,44.2833,81.25,79,0,8.95,MG,1675617395
416,ewo,-0.8725,14.8206,80.71,61,93,1.81,CG,1675617396
417,cacoal,-11.4386,-61.4472,79.14,81,100,2.37,BR,1675617396
418,batagay-alyta,67.8006,130.4114,-25.28,100,100,1.16,RU,1675617396
419,yarada,17.65,83.2667,70.12,100,2,2.3,IN,1675617397
420,ust-tsilma,65.441,52.1498,-12.62,100,92,2.42,RU,1675617397
421,kloulklubed,7.0419,134.2556,79.3,76,100,18.63,PW,1675617397
422,pandan,14.0453,124.1694,77.52,90,100,10.65,PH,1675617398
423,oga,46.4631,10.347,30.88,94,7,6.6,IT,1675617398
424,provideniya,64.3833,-173.3,0.75,96,97,9.91,RU,1675617398
425,nedjo,9.5046,35.5019,68.58,23,79,2.91,ET,1675617399
426,acapulco,16.8634,-99.8901,84.02,65,0,9.22,MX,1675617128
427,carndonagh,55.25,-7.2667,46.02,72,63,11.79,IE,1675617399
428,tandil,-37.3217,-59.1332,87.69,26,6,11.43,AR,1675617124
429,yar-sale,66.8333,70.8333,-5.67,99,97,6.67,RU,1675617399
430,oktyabrskiy,54.4815,53.471,13.77,95,100,2.37,RU,1675617400
431,loiza,18.4313,-65.8802,82.63,82,75,24.16,PR,1675617400
432,huamachuco,-7.8,-78.0667,61.16,54,68,6.73,PE,1675617400
433,semey,50.4111,80.2275,16.39,96,100,6.11,KZ,1675617401
434,tarko-sale,64.9225,77.785,-10.88,100,95,4.38,RU,1675617401
435,port-gentil,-0.7193,8.7815,82.36,74,75,9.22,GA,1675617401
436,toktogul,41.8708,72.9402,27.93,75,100,2.86,KG,1675617402
437,przhevalskoye,55.5093,31.8482,22.19,93,100,5.66,RU,1675617402
438,touros,-5.1989,-35.4608,85.8,62,80,13.11,BR,1675617402
439,flin flon,54.7682,-101.865,13.84,79,100,9.22,CA,1675617403
440,mayor pablo lagerenza,-19.9309,-60.7718,99.46,23,37,1.52,PY,1675617403
441,ahipara,-35.1667,173.1667,63.45,92,97,7.65,NZ,1675617404
442,cache creek,50.8101,-121.3246,37.9,96,100,3.42,CA,1675617404
443,nalut,30.3333,10.85,54.84,40,3,10.02,LY,1675617405
444,bitung,1.4451,125.1824,76.05,78,100,6.8,ID,1675617405
445,vestmannaeyjar,63.4427,-20.2734,47.39,100,100,31.07,IS,1675617406
446,bavly,54.393,53.2602,14.27,94,100,3.22,RU,1675617407
447,osorno,-40.5667,-73.15,75.51,57,75,5.75,CL,1675617127
448,shijak,41.3456,19.5672,33.78,37,0,17.27,AL,1675617407
449,labuhan,-6.8844,112.2051,78.12,84,100,6.82,ID,1675617408
450,san rafael del sur,11.8485,-86.4384,86.97,44,11,19.17,NI,1675617408
451,kirakira,-10.4544,161.9205,77.61,96,100,6.78,SB,1675617409
452,carire,-3.9506,-40.4733,88.52,46,85,5.26,BR,1675617409
453,tastur,36.5513,9.4431,58.03,67,47,5.14,TN,1675617410
454,belmonte,-15.8631,-38.8828,85.69,61,4,11.88,BR,1675617410
455,voznesenka,46.8717,35.4646,32.7,73,100,13.06,UA,1675617411
456,norman wells,65.282,-126.8329,-19.73,99,99,0.94,CA,1675617224
457,miles city,46.4083,-105.8406,34.77,69,0,10.36,US,1675617251
458,nykoping,58.753,17.0079,30.49,93,75,12.66,SE,1675617412
459,svatove,49.4103,38.1503,26.24,93,100,9.53,UA,1675617412
460,yulara,-25.2406,130.9889,70.77,22,0,9.66,AU,1675617413
461,nishihara,26.1842,127.7558,67.66,88,75,6.91,JP,1675617413
462,parsabad,39.6482,47.9174,35.92,75,40,6.91,IR,1675617414
463,iztapa,13.9333,-90.7075,86.52,43,3,8.55,GT,1675617415
464,temir,49.1414,57.13,2.34,94,78,7.76,KZ,1675617264
465,mount pleasant,32.7941,-79.8626,55.31,98,75,8.05,US,1675617415
466,wladyslawowo,54.7909,18.4009,30.78,83,99,6.49,PL,1675617415
467,finschhafen,-6.6024,147.8681,79.65,82,100,5.41,PG,1675617416
468,mnogovershinnyy,53.9353,139.9242,-13.77,97,95,3.89,RU,1675617416
469,voskresenskoye,56.8381,45.4317,13.96,96,99,3.09,RU,1675617416
470,itarema,-2.9248,-39.9167,84.67,65,85,13.24,BR,1675617337
471,gijon,43.5357,-5.6615,52.81,74,46,18.01,ES,1675617351
472,nombre de dios,23.85,-104.2333,62.15,27,0,2.15,MX,1675617417
473,gornopravdinsk,60.05,69.9,-2.85,100,100,2.55,RU,1675617418
474,kashan,33.9831,51.4364,45.99,39,0,0.0,IR,1675617418
475,madang,-5.2246,145.7966,75.94,92,100,7.18,PG,1675617418
476,pajapan,18.25,-94.7,64.56,88,100,5.17,MX,1675617419
477,kawalu,-7.3817,108.2082,73.63,89,100,1.74,ID,1675617419
478,paulo ramos,-4.2167,-45.1833,84.42,72,89,3.58,BR,1675617419
479,anton lizardo,19.05,-95.9833,77.22,69,53,6.87,MX,1675617420
480,dingle,10.9995,122.6711,74.16,92,100,7.36,PH,1675617219
481,inhambane,-23.865,35.3833,77.99,77,3,13.18,MZ,1675617272
482,lazaro cardenas,17.9583,-102.2,83.48,43,0,4.32,MX,1675617420
483,viedma,-40.8135,-62.9967,97.36,14,75,15.23,AR,1675617421
484,santa maria,-29.6842,-53.8069,81.7,39,20,8.05,BR,1675617421
485,tuatapere,-46.1333,167.6833,58.15,92,97,12.35,NZ,1675617279
486,karaman,37.0833,33.25,31.12,98,100,7.31,TR,1675617424
487,labytnangi,66.6572,66.4183,-5.1,95,57,4.79,RU,1675617426
488,maceio,-9.6658,-35.7353,87.24,66,75,14.97,BR,1675617352
489,soverato,38.685,16.5499,42.75,46,4,11.3,IT,1675617430
490,cedar city,37.6775,-113.0619,43.77,39,0,23.02,US,1675617399
491,hamilton,39.1834,-84.5333,52.0,53,100,12.66,US,1675617219
492,nioro,13.35,-15.75,96.01,7,75,5.97,GM,1675617432
493,kano,12.0001,8.5167,93.09,18,0,6.91,NG,1675617432
494,bell ville,-32.6259,-62.6887,88.66,22,0,9.89,AR,1675617433
495,magadan,59.5667,150.8,-11.88,78,78,7.18,RU,1675617434
496,lermontovka,47.1453,134.3383,-11.2,100,98,1.5,RU,1675617434
497,muyezerskiy,63.9333,31.65,13.93,95,85,6.76,RU,1675617435
498,rexburg,43.826,-111.7897,25.0,71,100,5.75,US,1675617436
499,llangefni,53.2556,-4.3106,44.65,68,100,13.8,GB,1675617437
500,lata,40.1629,-8.3327,57.63,52,0,6.67,PT,1675617438
501,berlevag,70.8578,29.0864,24.8,73,100,12.66,NO,1675617412
502,columbia,34.0007,-81.0348,50.92,56,20,3.44,US,1675617338
503,olivenza,38.6832,-7.103,63.46,59,5,6.24,ES,1675617439
504,coquimbo,-29.9533,-71.3436,73.13,60,0,13.8,CL,1675617297
505,karratha,-20.7377,116.8463,87.91,55,12,15.1,AU,1675617440
506,makakilo city,21.3469,-158.0858,72.19,77,40,9.22,US,1675617440
507,bartica,6.4,-58.6167,78.76,88,92,6.31,GY,1675617443
508,udachnyy,66.4167,112.4,-45.54,100,81,2.17,RU,1675617444
509,maple creek,49.9168,-109.4848,36.01,64,38,12.66,CA,1675617413
510,la asuncion,11.0333,-63.8628,78.96,74,95,19.77,VE,1675617445
511,villarrica,-25.75,-56.4333,94.06,24,90,3.74,PY,1675617446
512,burnie,-41.0667,145.9167,56.62,75,74,13.15,AU,1675617447
513,preobrazheniye,42.9019,133.9064,21.13,77,50,7.52,RU,1675617449
514,kyra,49.5776,111.9753,-2.33,94,100,4.52,RU,1675617451
515,luwuk,-0.9516,122.7875,77.09,84,88,4.94,ID,1675617451
516,marang,5.2056,103.2059,80.51,91,100,2.33,MY,1675617452
517,comodoro rivadavia,-45.8667,-67.5,73.26,35,0,10.36,AR,1675617452
518,inongo,-1.95,18.2667,79.99,64,24,3.58,CD,1675617453
519,ostrovnoy,68.0531,39.5131,4.46,97,81,10.11,RU,1675617453
520,phrae,18.0833,100.0,79.05,54,64,4.21,TH,1675617453
521,araouane,18.9048,-3.5265,78.15,12,72,9.1,ML,1675617220
522,am timan,11.0297,20.2827,88.74,10,30,3.4,TD,1675617454
523,bathurst,-33.4166,149.5806,59.83,90,0,3.65,AU,1675617332
524,alwaye,10.1167,76.35,80.55,89,20,2.3,IN,1675617454
525,male,4.1748,73.5089,84.15,65,75,14.97,MV,1675617396
526,okha,53.5739,142.9478,-3.64,96,100,9.71,RU,1675617455
527,ilo,-17.6394,-71.3375,77.56,75,86,9.06,PE,1675617455
528,banjar,-8.19,114.9675,77.14,88,100,6.17,ID,1675617456
529,baykit,61.67,96.37,9.18,98,100,2.19,RU,1675617456
530,terney,45.0503,136.6092,14.5,78,11,9.06,RU,1675617457
531,camargo,27.6667,-105.1667,65.41,24,0,4.92,MX,1675617457
532,ryotsu,38.0833,138.4333,38.16,76,20,10.47,JP,1675617457
533,erzin,36.9559,36.2,43.25,83,100,6.85,TR,1675617458
534,mount gambier,-37.8333,140.7667,52.2,94,41,4.12,AU,1675617225
535,betare oya,5.6,14.0833,88.79,13,61,4.54,CM,1675617458
536,galesong,-5.3166,119.3661,77.02,79,100,7.18,ID,1675617458
537,ferme-neuve,46.7001,-75.4493,21.96,94,100,4.16,CA,1675617459
538,qena,26.1615,32.7183,64.69,26,97,7.05,EG,1675617459
539,blairmore,49.6,-114.4353,26.29,92,93,8.55,CA,1675617331
540,jaroslaw,50.0162,22.6778,25.52,91,100,8.86,PL,1675617459
541,gravdal,68.1214,13.5031,39.09,56,40,11.5,NO,1675617460
542,redwater,33.3582,-94.2544,59.92,78,2,7.43,US,1675617460
543,ajdabiya,30.7554,20.2263,57.52,58,28,21.36,LY,1675617461
544,daru,-9.0763,143.2092,76.6,91,100,3.8,PG,1675617461
545,wembley,-31.9333,115.8,73.06,91,75,9.22,AU,1675617461
